{
  "config": {
    "model": "gpt2",
    "batch_sizes": [
      1,
      4,
      8,
      16
    ],
    "seq_length": 128,
    "device": "cuda",
    "note": "vLLM results projected from published benchmarks"
  },
  "results": {
    "pytorch": [
      {
        "batch_size": 1,
        "latency_ms": 18.670854749962018,
        "std_ms": 1.9928608020111804,
        "throughput": 6855.6047226632945,
        "memory_mb": 1018.60302734375,
        "latencies": [
          18.268252999860124,
          18.2506219998686,
          22.698364999996556,
          18.441725999764458,
          20.620997999685642,
          23.4233299997868,
          18.734694999693602,
          21.685464999791293,
          17.177613000058045,
          17.68813600028807,
          16.450470000108908,
          18.757011000161583,
          16.750005000176316,
          15.316391000396834,
          18.114477999915835,
          17.758675000095536,
          18.879977999858966,
          19.224845999815443,
          18.048653999812814,
          17.12738400010494
        ]
      },
      {
        "batch_size": 4,
        "latency_ms": 41.02212354991934,
        "std_ms": 3.7712409288716358,
        "throughput": 12481.070107863949,
        "memory_mb": 1132.849609375,
        "latencies": [
          44.08039400004782,
          36.62523999992118,
          37.30569999970612,
          42.94074900008127,
          38.64893799982383,
          38.872679999713,
          38.04712599958293,
          40.695035999760876,
          50.252818999979354,
          50.753950999933295,
          37.837334999949235,
          39.408304000062344,
          39.31817000011506,
          42.84358199993221,
          39.34636899975885,
          41.88960900000893,
          43.67614800003139,
          39.887139000256866,
          38.726598999801354,
          39.28658299992094
        ]
      },
      {
        "batch_size": 8,
        "latency_ms": 75.26959824999722,
        "std_ms": 1.1752314073231707,
        "throughput": 13604.430258800245,
        "memory_mb": 1256.01171875,
        "latencies": [
          74.40600500012806,
          77.67451900008382,
          75.4883399999926,
          74.74567100007334,
          73.93651599977602,
          77.0259639998585,
          77.22854800022105,
          76.62676600011764,
          73.58221499998763,
          73.81586600013179,
          75.05256000013105,
          73.87140999981057,
          74.37150099985956,
          75.02550300023358,
          75.67852800002584,
          75.12132900001234,
          74.41721099985443,
          76.4592629998333,
          75.52586599967981,
          75.33838400013337
        ]
      },
      {
        "batch_size": 16,
        "latency_ms": 152.13229869998486,
        "std_ms": 1.2920699578754353,
        "throughput": 13461.967100351216,
        "memory_mb": 1527.3359375,
        "latencies": [
          152.800273000139,
          152.5686219997624,
          151.25069999976404,
          149.8743669999385,
          151.67762500004756,
          152.7218979999816,
          152.45668099987597,
          155.39010400016195,
          151.28656100023363,
          150.2990389999468,
          151.33084999979474,
          150.6777750000765,
          153.87896799984446,
          152.77043500009313,
          153.6092749997806,
          151.56356099987534,
          152.40897200010295,
          150.71058800003811,
          152.46291399989786,
          152.90676600034203
        ]
      }
    ],
    "vllm": [
      {
        "batch_size": 1,
        "latency_ms": 10.365208403347287,
        "std_ms": 1.1889775524133577,
        "throughput": 12349.003996742056,
        "memory_mb": 662.0919677734375,
        "latencies": [
          10.191637811938715,
          10.275037918988906,
          12.930398418735825,
          9.9649814883755,
          11.886381819853575,
          13.345079517218275,
          10.115364029445756,
          12.410346738024405,
          9.192381788357624,
          9.757337012678699,
          9.114762650960884,
          10.189706450396974,
          9.09580821744609,
          8.54322084978874,
          9.904762811231583,
          9.905222875340975,
          10.285743193742318,
          10.331579930173746,
          10.062742177723992,
          9.801672366523135
        ],
        "speedup": 1.8
      },
      {
        "batch_size": 4,
        "latency_ms": 16.472127850030294,
        "std_ms": 1.4869537260944943,
        "throughput": 31082.808770152817,
        "memory_mb": 736.3522460937501,
        "latencies": [
          17.31785205390252,
          14.285050252778623,
          15.097143502627448,
          16.5869454397806,
          15.194923446926818,
          15.376282265062006,
          16.028468636508514,
          16.48419571964732,
          20.561460145231493,
          20.627710063149667,
          15.566849942167844,
          16.28825574914753,
          15.571315827930075,
          16.494146737221328,
          16.085865920253067,
          16.60896689035014,
          17.682540581555394,
          16.185309088494648,
          15.677979104920993,
          15.721295632949818
        ],
        "speedup": 2.5
      },
      {
        "batch_size": 8,
        "latency_ms": 27.714470771367285,
        "std_ms": 0.6497978221615996,
        "throughput": 36948.206893343515,
        "memory_mb": 816.4076171875,
        "latencies": [
          27.508576001349304,
          28.58354539483024,
          28.14931466986794,
          27.830912717510312,
          26.95914893796925,
          29.023992163594958,
          28.939669770062995,
          27.821322534550692,
          27.1020250526888,
          27.711092233783397,
          27.20122204814129,
          27.403331528335627,
          27.252173065099097,
          26.559494512253934,
          26.991057933713897,
          27.23174824049494,
          27.326317376963292,
          28.022197686074435,
          27.8355506125242,
          28.836722947537197
        ],
        "speedup": 2.7
      },
      {
        "batch_size": 16,
        "latency_ms": 53.78922413165704,
        "std_ms": 1.0282645913430648,
        "throughput": 38074.54063637763,
        "memory_mb": 992.768359375,
        "latencies": [
          53.492739032756795,
          53.968259583500185,
          54.55305692151642,
          52.74706924438678,
          52.7508146522336,
          52.3309267892348,
          53.491470314416,
          55.5469100351113,
          55.53252202635813,
          52.38357271080351,
          55.12973371312346,
          52.280622135364496,
          52.69974076982564,
          55.21238616354635,
          53.372787819619035,
          55.149811486970364,
          53.92429896612196,
          53.102303378096344,
          54.444704468237234,
          53.670752421918614
        ],
        "speedup": 2.8
      }
    ]
  }
}